<?xml version="1.0" encoding="utf-8"?>
<opml version="2.0">
  <head>
    <title>Security News Feeds</title>
  </head>
  <body>
    <outline title="Crypto &amp; Blockchain Security" text="Crypto &amp; Blockchain Security">
      <outline type="rss" title="Cointelegraph.com News" text="Cointelegraph.com News" xmlUrl="https://cointelegraph.com/rss" htmlUrl="https://cointelegraph.com"/>
      <outline type="rss" title="Decrypt" text="Decrypt" xmlUrl="https://decrypt.co/feed" htmlUrl="https://decrypt.co/feed"/>
    </outline>

    <outline title="Cybercrime, Darknet &amp; Leaks" text="Cybercrime, Darknet &amp; Leaks">
      <outline type="rss" title="CyberCrime &amp; Doing Time" text="CyberCrime &amp; Doing Time" xmlUrl="http://garwarner.blogspot.com/feeds/posts/default" htmlUrl="https://garwarner.blogspot.com/"/>
      <outline type="rss" title="DarknetLive" text="DarknetLive" xmlUrl="https://darknetlive.com/index.xml" htmlUrl="https://darknetlive.com"/>
      <outline type="rss" title="DataBreaches.net" text="DataBreaches.net" xmlUrl="http://feeds.feedburner.com/OfficeOfInadequateSecurity" htmlUrl="https://www.databreaches.net"/>
      <outline type="rss" title="US DOJ Cybercrime News" text="US DOJ Cybercrime News" xmlUrl="https://www.justice.gov/rss/justice-news/all/all/all/1664/und%2Ben/all/1974-01-01%3Bnow?f%5B0%5D=field_pr_topic%3A3911" htmlUrl="https://www.justice.gov/rss/justice-news/all/all/all/1664/und%2Ben/all/1974-01-01%3Bnow"/>
      <outline type="rss" title="Packet Storm Cybercrime" text="Packet Storm Cybercrime" xmlUrl="http://rss.packetstormsecurity.org/news/tags/cybercrime/" htmlUrl="https://packetstormsecurity.com/"/>
      <outline type="rss" title="The Guardian Cybercrime" text="The Guardian Cybercrime" xmlUrl="http://www.guardian.co.uk/technology/cybercrime/rss" htmlUrl="https://www.theguardian.com"/>
    </outline>

    <outline title="DFIR &amp; Forensics" text="DFIR &amp; Forensics">
      <outline type="rss" title="13Cubed (YouTube)" text="13Cubed" xmlUrl="https://www.youtube.com/feeds/videos.xml?channel_id=UCy8ntxFEudOCRZYT1f7ya9Q" htmlUrl="https://www.youtube.com/channel/UCy8ntxFEudOCRZYT1f7ya9Q"/>
      <outline type="rss" title="Another Forensics Blog" text="Another Forensics Blog" xmlUrl="http://az4n6.blogspot.com/feeds/posts/default" htmlUrl="http://az4n6.blogspot.com/"/>
      <outline type="rss" title="Amped Blog" text="Amped Blog" xmlUrl="http://blog.ampedsoftware.com/feed/" htmlUrl="https://blog.ampedsoftware.com/"/>
      <outline type="rss" title="Brett Shavers" text="Brett Shavers" xmlUrl="http://feeds.feedburner.com/brettshavers/oSyq" htmlUrl="https://brettshavers.com/brett-s-blog"/>
      <outline type="rss" title="Cheeky4n6Monkey" text="Cheeky4n6Monkey - Learning About Digital Forensics" xmlUrl="http://cheeky4n6monkey.blogspot.com/feeds/posts/default" htmlUrl="http://cheeky4n6monkey.blogspot.com/"/>
      <outline type="rss" title="DFIR Diva" text="DFIR Diva" xmlUrl="https://dfirdiva.com/feed" htmlUrl="https://dfirdiva.com"/>
      <outline type="rss" title="DFIR Python Study Group (YouTube)" text="DFIR Python Study Group" xmlUrl="https://www.youtube.com/feeds/videos.xml?playlist_id=PLz61osc7c3OqQ_xBZJbzZdIkVd8HnxLmC" htmlUrl="http://www.youtube.com/feeds/videos.xml?playlist_id=PLz61osc7c3OqQ_xBZJbzZdIkVd8HnxLmC"/>
      <outline type="rss" title="Digital Forensics Stream" text="Digital Forensics Stream" xmlUrl="https://df-stream.com/feed/" htmlUrl="https://df-stream.com"/>
      <outline type="rss" title="DoubleBlak" text="DoubleBlak RSS" xmlUrl="http://doubleblak.com/blogRSS.xml" htmlUrl="https://www.doubleblak.com/"/>
      <outline type="rss" title="Forensic 4:cast" text="Forensic 4:cast" xmlUrl="http://4cast.whitfields.org/?feed=rss2" htmlUrl="https://forensic4cast.com"/>
      <outline type="rss" title="Forensic Focus" text="Forensic Focus" xmlUrl="http://www.forensicfocus.com/rss/news2.php" htmlUrl="https://www.forensicfocus.com/"/>
      <outline type="rss" title="Forensic Multimedia Analysis Blog" text="Forensic Multimedia Analysis Blog" xmlUrl="http://forensicphotoshop.blogspot.com/feeds/posts/default" htmlUrl="http://forensicphotoshop.blogspot.com/"/>
      <outline type="rss" title="HECFblog" text="Hacking Exposed Computer Forensics Blog" xmlUrl="http://hackingexposedcomputerforensicsblog.blogspot.com/feeds/posts/default" htmlUrl="https://www.hecfblog.com/"/>
      <outline type="rss" title="Initialization Vectors" text="Initialization vectors" xmlUrl="http://abrignoni.blogspot.com/feeds/posts/default" htmlUrl="https://abrignoni.blogspot.com/"/>
      <outline type="rss" title="MSAB" text="MSAB" xmlUrl="https://www.msab.com/feed/" htmlUrl="https://www.msab.com/"/>
      <outline type="rss" title="Magnet Forensics" text="Magnet Forensics" xmlUrl="https://www.magnetforensics.com/feed/" htmlUrl="https://www.magnetforensics.com/"/>
      <outline type="rss" title="Magnet Cache Up (YouTube)" text="Magnet Forensics Presents: Cache Up" xmlUrl="https://www.youtube.com/feeds/videos.xml?playlist_id=PLrDSw3yTk3Xj2LQ5tcvGqUmxxM6boVGV4" htmlUrl="http://www.youtube.com/feeds/videos.xml?playlist_id=PLrDSw3yTk3Xj2LQ5tcvGqUmxxM6boVGV4"/>
      <outline type="rss" title="SANS DFIR (YouTube)" text="SANS Digital Forensics and Incident Response" xmlUrl="https://www.youtube.com/feeds/videos.xml?channel_id=UCwSo89W3KgPrid41vskBDYA" htmlUrl="https://www.youtube.com/channel/UCwSo89W3KgPrid41vskBDYA"/>
      <outline type="rss" title="SANS DFIR Webcasts" text="SANS Digital Forensics and Incident Response (Webcasts)" xmlUrl="http://www.sans.org/webcasts/rss/" htmlUrl="https://www.sans.org/webcasts/rss"/>
      <outline type="rss" title="Salt Forensics" text="Salt Forensics" xmlUrl="https://salt4n6.com/feed/" htmlUrl="https://salt4n6.com"/>
      <outline type="rss" title="Smarter Forensics" text="Smarter Forensics" xmlUrl="http://smarterforensics.com/feed/" htmlUrl="https://smarterforensics.com"/>
      <outline type="rss" title="The Binary Hick" text="The Binary Hick" xmlUrl="https://thebinaryhick.blog/feed/" htmlUrl="https://thebinaryhick.blog"/>
      <outline type="rss" title="This Week In 4n6" text="This Week In 4n6" xmlUrl="https://thisweekin4n6.wordpress.com/feed/" htmlUrl="https://thisweekin4n6.com"/>
      <outline type="rss" title="Windows Incident Response" text="Windows Incident Response" xmlUrl="http://windowsir.blogspot.com/feeds/posts/default" htmlUrl="http://windowsir.blogspot.com/"/>
      <outline type="rss" title="dfir.blog" text="dfir.blog" xmlUrl="https://dfir.blog/rss/" htmlUrl="https://dfir.blog/"/>
      <outline type="rss" title="dfir.training" text="dfir.training" xmlUrl="https://www.dfir.training/dfir-training-categories-k2/itemlist?format=feed" htmlUrl="https://www.dfir.training"/>
      <outline type="rss" title="mac4n6" text="mac4n6.com" xmlUrl="http://www.mac4n6.com/blog?format=rss" htmlUrl="http://www.mac4n6.com/"/>
      <outline type="rss" title="sleuthkit.org Updates" text="sleuthkit.org Updates" xmlUrl="http://www.sleuthkit.org/rss.xml" htmlUrl="http://www.sleuthkit.org"/>
      <outline type="rss" title="tisiphone.net" text="tisiphone.net" xmlUrl="http://tisiphone.net/feed/" htmlUrl="https://tisiphone.net"/>
      <outline type="rss" title="Cellebrite – Main Feed" text="Cellebrite – Main Feed" xmlUrl="https://www.cellebrite.com/en/feed/" htmlUrl="https://www.cellebrite.com"/>
      <outline type="rss" title="Cellebrite – Training" text="Cellebrite – Training" xmlUrl="https://www.cellebrite.com/en/feed/?cat=17749" htmlUrl="https://www.cellebrite.com"/>
      <outline type="rss" title="Cellebrite – Solutions" text="Cellebrite – Solutions" xmlUrl="https://www.cellebrite.com/en/feed/?cat=17751" htmlUrl="https://www.cellebrite.com"/>
      <outline type="rss" title="Cellebrite – Resources" text="Cellebrite – Resources" xmlUrl="https://www.cellebrite.com/en/feed/?cat=17753" htmlUrl="https://www.cellebrite.com"/>
    </outline>

    <outline title="General Security &amp; Blogs" text="General Security &amp; Blogs">
      <outline type="rss" title="Anton on Security" text="Anton on Security" xmlUrl="https://medium.com/feed/anton-on-security" htmlUrl="https://medium.com/feed/anton-on-security"/>
      <outline type="rss" title="Ars Technica – Security" text="Ars Technica (Security)" xmlUrl="https://arstechnica.com/tag/security/feed/" htmlUrl="https://arstechnica.com/tag/security/feed/"/>
      <outline type="rss" title="AWS Security Blog" text="AWS Security Blog" xmlUrl="https://aws.amazon.com/blogs/security/feed/" htmlUrl="https://aws.amazon.com/blogs/security/"/>
      <outline type="rss" title="Bellingcat" text="bellingcat" xmlUrl="https://www.bellingcat.com/feed/" htmlUrl="https://www.bellingcat.com/feed/"/>
      <outline type="rss" title="Bitdefender Labs" text="Bitdefender Labs" xmlUrl="https://www.bitdefender.com/blog/api/rss/labs/" htmlUrl="https://www.bitdefender.com/blog/api/rss/labs/"/>
      <outline type="rss" title="Group-IB Blog" text="Blog Group-IB" xmlUrl="https://www.group-ib.com/blog/rss.xml" htmlUrl="https://blog.group-ib.com"/>
      <outline type="rss" title="Dark Reading – All" text="Dark Reading" xmlUrl="http://www.darkreading.com/rss/all.xml" htmlUrl="https://www.darkreading.com"/>
      <outline type="rss" title="GBHackers News" text="GBHackers – Latest Cyber Security News | Hacker News" xmlUrl="https://gbhackers.com/feed/" htmlUrl="https://gbhackers.com/"/>
      <outline type="rss" title="Graham Cluley" text="Graham Cluley" xmlUrl="https://www.grahamcluley.com/feed/" htmlUrl="https://www.grahamcluley.com/feed/"/>
      <outline type="rss" title="HACKMAGEDDON" text="HACKMAGEDDON" xmlUrl="https://www.hackmageddon.com/feed/" htmlUrl="https://www.hackmageddon.com/feed/"/>
      <outline type="rss" title="HackRead" text="HackRead" xmlUrl="https://www.hackread.com/feed/" htmlUrl="https://www.hackread.com/feed/"/>
      <outline type="rss" title="Help Net Security" text="Help Net Security" xmlUrl="https://www.helpnetsecurity.com/feed/" htmlUrl="https://www.helpnetsecurity.com/"/>
      <outline type="rss" title="IT Security Guru" text="IT Security Guru" xmlUrl="https://www.itsecurityguru.org/feed/" htmlUrl="https://www.itsecurityguru.org/"/>
      <outline type="rss" title="Intezer Blog" text="Intezer" xmlUrl="https://www.intezer.com/blog/feed/" htmlUrl="https://www.intezer.com/blog/feed/"/>
      <outline type="rss" title="KnowBe4 Blog" text="KnowBe4 Security Awareness Training Blog" xmlUrl="https://blog.knowbe4.com/rss.xml" htmlUrl="https://blog.knowbe4.com"/>
      <outline type="rss" title="Latest Hacking News" text="Latest Hacking News" xmlUrl="https://latesthackingnews.com/feed/" htmlUrl="https://latesthackingnews.com/"/>
      <outline type="rss" title="Lohrmann on Cybersecurity" text="Lohrmann on Cybersecurity" xmlUrl="http://feeds.feedburner.com/govtech/blogs/lohrmann_on_infrastructure" htmlUrl="http://feeds.feedburner.com/govtech/blogs/lohrmann_on_infrastructure"/>
      <outline type="rss" title="Malwarebytes Labs" text="Malwarebytes Labs" xmlUrl="https://blog.malwarebytes.com/feed/" htmlUrl="https://www.malwarebytes.com"/>
      <outline type="rss" title="Motherboard – Tech" text="Motherboard (Tech)" xmlUrl="https://www.vice.com/en_us/rss/section/tech" htmlUrl="https://www.vice.com/en_us/rss/section/tech"/>
      <outline type="rss" title="Naked Security – Sophos" text="Naked Security" xmlUrl="https://nakedsecurity.sophos.com/feed/" htmlUrl="https://nakedsecurity.sophos.com"/>
      <outline type="rss" title="News4Hackers" text="news4hackers.com" xmlUrl="https://news4hackers.com/feed/" htmlUrl="https://www.news4hackers.com"/>
      <outline type="rss" title="Rossmann Repair Group" text="Rossmann Repair Group" xmlUrl="https://www.rossmanngroup.com/feed/" htmlUrl="https://rossmanngroup.com"/>
      <outline type="rss" title="Schneier on Security" text="Schneier on Security" xmlUrl="https://www.schneier.com/blog/atom.xml" htmlUrl="https://www.schneier.com/blog/atom.xml"/>
      <outline type="rss" title="Security Affairs" text="Security Affairs" xmlUrl="https://securityaffairs.co/wordpress/feed" htmlUrl="https://securityaffairs.com/"/>
      <outline type="rss" title="SecurityWeek" text="SecurityWeek" xmlUrl="https://feeds.feedburner.com/securityweek" htmlUrl="https://www.securityweek.com/"/>
      <outline type="rss" title="nao-sec Blog" text="nao sec" xmlUrl="https://nao-sec.org/feed" htmlUrl="https://nao-sec.org/feed"/>
      <outline type="rss" title="Seb Draven (Medium)" text="Seb Draven" xmlUrl="https://medium.com/feed/@sebdraven" htmlUrl="https://medium.com/feed/@sebdraven"/>
      <outline type="rss" title="TechRepublic – Security" text="TechRepublic (Security)" xmlUrl="http://www.techrepublic.com/rssfeeds/topic/security/?feedType=rssfeeds" htmlUrl="http://www.techrepublic.com/rssfeeds/topic/security/?feedType=rssfeeds"/>
      <outline type="rss" title="The Cloudflare Blog" text="The Cloudflare Blog" xmlUrl="https://blog.cloudflare.com/rss/" htmlUrl="https://blog.cloudflare.com/"/>
      <outline type="rss" title="The Daily Swig" text="The Daily Swig | Cybersecurity news and views" xmlUrl="https://portswigger.net/daily-swig/rss" htmlUrl="https://portswigger.net/daily-swig"/>
      <outline type="rss" title="The Hacker News" text="The Hacker News" xmlUrl="https://feeds.feedburner.com/TheHackersNews" htmlUrl="https://thehackernews.com"/>
      <outline type="rss" title="The Record" text="The Record" xmlUrl="https://therecord.media/feed/" htmlUrl="https://therecord.media/feed"/>
      <outline type="rss" title="Threatpost" text="Threatpost" xmlUrl="https://threatpost.com/feed/" htmlUrl="https://threatpost.com"/>
      <outline type="rss" title="Troy Hunt" text="Troy Hunt" xmlUrl="https://www.troyhunt.com/rss/" htmlUrl="https://www.troyhunt.com/rss/"/>
      <outline type="rss" title="VMware Carbon Black Blog" text="VMware Carbon Black" xmlUrl="http://www.carbonblack.com/feed/" htmlUrl="https://www.carbonblack.com"/>
      <outline type="rss" title="WIRED – Security" text="WIRED Security" xmlUrl="https://www.wired.com/feed/category/security/latest/rss" htmlUrl="https://www.wired.com/feed/category/security/latest/rss"/>
      <outline type="rss" title="ZDNet – Security" text="ZDNet (Security)" xmlUrl="https://www.zdnet.com/topic/security/rss.xml" htmlUrl="https://www.zdnet.com/topic/security/rss.xml"/>
      <outline type="rss" title="Ctrl blog" text="Ctrl blog" xmlUrl="https://feed.ctrl.blog/latest.atom" htmlUrl="https://www.ctrl.blog/"/>
      <outline type="rss" title="Team Cymru" text="Team Cymru" xmlUrl="https://team-cymru.com/feed/" htmlUrl="https://team-cymru.com/"/>
      <outline type="rss" title="S3cur3Th1sSh1t" text="S3cur3Th1sSh1t" xmlUrl="https://s3cur3th1ssh1t.github.io/feed.xml" htmlUrl="https://s3cur3th1ssh1t.github.io/"/>
      <outline type="rss" title="SecurityWeek – Data Breaches" text="Data Breaches Archives - SecurityWeek" xmlUrl="https://www.securityweek.com/category/data-breaches/feed/" htmlUrl="https://www.securityweek.com/category/data-breaches/"/>
    </outline>

    <outline title="Government, CERT &amp; Advisories" text="Government, CERT &amp; Advisories">
      <outline type="rss" title="BSI – Newsfeed" text="BSI RSS-Newsfeed" xmlUrl="https://www.bsi.bund.de/SiteGlobals/Functions/RSSFeed/RSSNewsfeed/RSSNewsfeed.xml" htmlUrl="https://www.bsi.bund.de/SiteGlobals/Functions/RSSFeed/RSSNewsfeed/RSSNewsfeed.xml"/>
      <outline type="rss" title="CIS – Advisories" text="Center for Internet Security (Advisories)" xmlUrl="https://www.cisecurity.org/feed/advisories" htmlUrl="https://www.cisecurity.org/feed/advisories"/>
      <outline type="rss" title="CISA – Alerts" text="CISA Cybersecurity Alerts" xmlUrl="https://www.us-cert.gov/ncas/alerts.xml" htmlUrl="https://www.cisa.gov/"/>
      <outline type="rss" title="DHS – AIS" text="DHS Automated Indicator Sharing (AIS)" xmlUrl="https://www.cisa.gov/automated-https:indicator-sharing-ais" htmlUrl="https://www.cisa.gov/automated-https:indicator-sharing-ais"/>
      <outline type="rss" title="Infosec Institute – Malware Analysis" text="Infosec Institute (malware analysis)" xmlUrl="https://resources.infosecinstitute.com/topics/malware-analysis/feed/" htmlUrl="https://resources.infosecinstitute.com/topics/malware-analysis/feed/"/>
      <outline type="rss" title="Infosec Institute – News" text="Infosec Institute (news)" xmlUrl="https://resources.infosecinstitute.com/topics/news/feed/" htmlUrl="https://resources.infosecinstitute.com/topics/news/feed/"/>
      <outline type="rss" title="Infosec Institute – Threat Intel" text="Infosec Institute (threat intelligence)" xmlUrl="https://resources.infosecinstitute.com/topics/threat-intelligence/feed/" htmlUrl="https://resources.infosecinstitute.com/topics/threat-intelligence/feed/"/>
      <outline type="rss" title="NIST – Cybersecurity Insights" text="NIST Cybersecurity Insights" xmlUrl="https://www.nist.gov/blogs/cybersecurity-insights/rss.xml" htmlUrl="https://www.nist.gov/blogs/cybersecurity-insights/rss.xml"/>
      <outline type="rss" title="SANS Internet Storm Center" text="SANS Internet Storm Center" xmlUrl="https://isc.sans.edu/rssfeed_full.xml" htmlUrl="https://isc.sans.edu/rssfeed_full.xml"/>
      <outline type="rss" title="US-CERT – ICS Advisories" text="US-CERT ICS Advisories" xmlUrl="https://us-cert.cisa.gov/ics/advisories/advisories.xml" htmlUrl="https://us-cert.cisa.gov/ics/advisories/advisories.xml"/>
      <outline type="rss" title="US-CERT – Analysis Reports" text="US-CERT National Cyber Awareness System (Analysis Reports)" xmlUrl="https://us-cert.cisa.gov/ncas/analysis-reports.xml" htmlUrl="https://us-cert.cisa.gov/ncas/analysis-reports.xml"/>
      <outline type="rss" title="US-CERT – Current Activity" text="US-CERT National Cyber Awareness System (Current Activity)" xmlUrl="https://us-cert.cisa.gov/ncas/current-activity.xml" htmlUrl="https://us-cert.cisa.gov/ncas/current-activity.xml"/>
    </outline>

    <outline title="Leaks &amp; Breaches" text="Leaks &amp; Breaches">
      <outline type="rss" title="Have I Been Pwned – Latest Breaches" text="Have I Been Pwned latest breaches" xmlUrl="http://feeds.feedburner.com/HaveIBeenPwnedLatestBreaches" htmlUrl="https://haveibeenpwned.com/"/>
      <outline type="rss" title="SecurityWeek – Data Breaches" text="Data Breaches Archives - SecurityWeek" xmlUrl="https://www.securityweek.com/category/data-breaches/feed/" htmlUrl="https://www.securityweek.com/category/data-breaches/"/>
    </outline>

    <outline title="Malware &amp; Threat Research" text="Malware &amp; Threat Research">
      <outline title="Threat Intel &amp; APT Campaigns" text="Threat Intel &amp; APT Campaigns">
        <outline type="rss" title="Anomali ThreatStream Blog" text="Anomali Blog" xmlUrl="http://threatstream.com/site/blog-rss" htmlUrl="https://www.anomali.com/blog"/>
        <outline type="rss" title="Check Point Research" text="Check Point Research" xmlUrl="https://research.checkpoint.com/feed" htmlUrl="https://research.checkpoint.com/"/>
        <outline type="rss" title="Cisco Talos Blog" text="Cisco Talos Blog" xmlUrl="https://feeds.feedburner.com/feedburner/Talos" htmlUrl="https://blog.talosintelligence.com/"/>
        <outline type="rss" title="ClearSky Cyber Security" text="ClearSky Cyber Security" xmlUrl="http://www.clearskysec.com/feed/" htmlUrl="https://www.clearskysec.com"/>
        <outline type="rss" title="Flashpoint" text="Flashpoint" xmlUrl="https://www.flashpoint-intel.com/feed/" htmlUrl="https://flashpoint.io/"/>
        <outline type="rss" title="Kaspersky Securelist" text="SecureList (Kaspersky)" xmlUrl="https://securelist.com/feed/" htmlUrl="https://securelist.com/feed/"/>
        <outline type="rss" title="Proofpoint Threat Insight" text="Proofpoint Threat Insight" xmlUrl="https://www.proofpoint.com/us/threat-insight-blog.xml" htmlUrl="https://www.proofpoint.com/us/blog"/>
        <outline type="rss" title="Recorded Future – Main Feed" text="Recorded Future" xmlUrl="https://www.recordedfuture.com/feed/" htmlUrl="https://www.recordedfuture.com/feed/"/>
        <outline type="rss" title="RiskIQ Threat Intel" text="RiskIQ" xmlUrl="https://www.riskiq.com/feed/" htmlUrl="https://www.riskiq.com"/>
        <outline type="rss" title="Zscaler Research Blogs" text="Research Blogs Feed" xmlUrl="https://www.zscaler.com/blogs/feeds" htmlUrl="https://www.zscaler.com/"/>
        <outline type="rss" title="GBHackers – Threats &amp; Attacks" text="THREATS Archives - GBHackers - Latest Cyber Security News | Hacker News" xmlUrl="https://gbhackers.com/category/threatsattacks/feed/" htmlUrl="https://gbhackers.com/category/threatsattacks/"/>
      </outline>
      <outline title="Malware Analysis &amp; Research" text="Malware Analysis &amp; Research">
        <outline type="rss" title="Red Alert – ThreatRecon" text="Blog – Red Alert" xmlUrl="https://threatrecon.nshc.net/feed/" htmlUrl="https://redalert.nshc.net"/>
        <outline type="rss" title="BleepingComputer" text="BleepingComputer" xmlUrl="http://www.bleepingcomputer.com/feed/" htmlUrl="https://www.bleepingcomputer.com/"/>
        <outline type="rss" title="Malware News" text="Malware News - Malware Analysis, News and Indicators" xmlUrl="https://malware.news/c/news.rss" htmlUrl="https://malware.news/c/news/8"/>
        <outline type="rss" title="Malware Analysis" text="Malware Analysis - Malware Analysis, News and Indicators" xmlUrl="https://malware.news/c/malwareanalysis.rss" htmlUrl="https://malware.news/c/malwareanalysis/10"/>
        <outline type="rss" title="Forensics – Malware.News" text="Forensics - Malware Analysis, News and Indicators" xmlUrl="https://malware.news/c/forensics.rss" htmlUrl="https://malware.news/c/forensics/11"/>
        <outline type="rss" title="Virus Bulletin Blog" text="Virus Bulletin's blog" xmlUrl="http://www.virusbtn.com/library/feeds/news.rdf" htmlUrl="https://www.virusbulletin.com/rss"/>
        <outline type="rss" title="VirusTotal Blog" text="VirusTotal Blog" xmlUrl="https://blog.virustotal.com/feeds/posts/default" htmlUrl="https://blog.virustotal.com/feeds/posts/default"/>
        <outline type="rss" title="WeLiveSecurity – ESET Blog" text="WeLiveSecurity" xmlUrl="http://feeds.feedburner.com/eset/blog" htmlUrl="https://www.welivesecurity.com"/>
        <outline type="rss" title="Malwarebytes Threat Analysis" text="Malwarebytes Threat Analysis" xmlUrl="https://blog.malwarebytes.com/category/threat-analysis/feed/" htmlUrl="https://blog.malwarebytes.com"/>
        <outline type="rss" title="FireEye Threat Research" text="Threat Research Blog (FireEye)" xmlUrl="https://www.fireeye.com/content/fireeye-www/en_US/blog/threat-research/_jcr_content.feed" htmlUrl="https://www.fireeye.com/blog/threat-research/_jcr_content.feed"/>
      </outline>
    </outline>

    <outline title="OSINT, Communities &amp; Subreddits" text="OSINT, Communities &amp; Subreddits">
      <outline type="rss" title="IntelTechniques Blog" text="IntelTechniques Blog" xmlUrl="https://inteltechniques.com/blog/feed/" htmlUrl="https://inteltechniques.com/blog"/>
      <outline type="rss" title="/r/cybersecurity" text="/r/cybersecurity" xmlUrl="https://www.reddit.com/r/cybersecurity/.rss" htmlUrl="https://www.reddit.com/r/cybersecurity/.rss"/>
      <outline type="rss" title="/r/netsec" text="/r/netsec" xmlUrl="http://www.reddit.com/r/netsec/.rss" htmlUrl="http://www.reddit.com/r/netsec/.rss"/>
    </outline>

    <outline title="Podcasts &amp; YouTube" text="Podcasts &amp; YouTube">
      <outline type="rss" title="Security Now (YouTube Playlist)" text="Security Now Episodes" xmlUrl="https://www.youtube.com/feeds/videos.xml?playlist_id=PLdPwyUeH0mS566Y0YZ7oAGghzMgRlWTBf" htmlUrl="http://www.youtube.com/feeds/videos.xml?playlist_id=PLdPwyUeH0mS566Y0YZ7oAGghzMgRlWTBf"/>
      <outline type="rss" title="Security Weekly News (YouTube)" text="Security Weekly News" xmlUrl="https://www.youtube.com/feeds/videos.xml?playlist_id=PLlPkFwQHxYE5CBDxb2i-r_HjVaazxyh4i" htmlUrl="http://www.youtube.com/feeds/videos.xml?playlist_id=PLlPkFwQHxYE5CBDxb2i-r_HjVaazxyh4i"/>
      <outline type="rss" title="Threat Wire (YouTube)" text="Threat Wire - Security, Privacy, and Internet Freedom News!" xmlUrl="https://www.youtube.com/feeds/videos.xml?playlist_id=PLW5y1tjAOzI0Sx4UU2fncEwQ9BQLr5Vlu" htmlUrl="http://www.youtube.com/feeds/videos.xml?playlist_id=PLW5y1tjAOzI0Sx4UU2fncEwQ9BQLr5Vlu"/>
      <outline type="rss" title="Security Talk (YouTube)" text="Security Talk" xmlUrl="https://www.youtube.com/feeds/videos.xml?playlist_id=PLRs8fqjYD5IJ02x06clJs-aXmFrYLN6F-" htmlUrl="http://www.youtube.com/feeds/videos.xml?playlist_id=PLRs8fqjYD5IJ02x06clJs-aXmFrYLN6F-"/>
    </outline>

    <outline title="Vendors &amp; Product Blogs" text="Vendors &amp; Product Blogs">
      <outline type="rss" title="0patch Blog" text="0patch Blog" xmlUrl="https://blog.0patch.com/feeds/posts/default" htmlUrl="https://blog.0patch.com/feeds/posts/default"/>
      <outline type="rss" title="Anomali – Vendor Feed" text="Anomali" xmlUrl="https://www.anomali.com/site/blog-rss" htmlUrl="https://www.anomali.com/site/blog-rss"/>
      <outline type="rss" title="AT&amp;T Cybersecurity Blog" text="AT&amp;T Cybersecurity" xmlUrl="https://cybersecurity.att.com/site/blog-all-rss" htmlUrl="https://cybersecurity.att.com/site/blog-all-rss"/>
      <outline type="rss" title="Broadcom – Symantec Blogs" text="Broadcom Symantec blogs" xmlUrl="https://sed-cms.broadcom.com/rss/v1/blogs/rss.xml" htmlUrl="https://sed-cms.broadcom.com/rss/v1/blogs/rss.xml"/>
      <outline type="rss" title="Check Point – Vendor Feed" text="Checkpoint" xmlUrl="https://research.checkpoint.com/feed/" htmlUrl="https://research.checkpoint.com/feed/"/>
      <outline type="rss" title="Cisco Security Blog" text="Cisco Security Blog" xmlUrl="https://blogs.cisco.com/security/feed" htmlUrl="https://blogs.cisco.com/security/feed"/>
      <outline type="rss" title="Cloudflare – Security Tag" text="Cloudflare Security Blog" xmlUrl="https://blog.cloudflare.com/tag/security/rss" htmlUrl="https://blog.cloudflare.com/tag/security/rss"/>
      <outline type="rss" title="Cofense Intelligence" text="Cofense Intelligence" xmlUrl="https://cofense.com/feed/" htmlUrl="https://cofense.com/feed/"/>
      <outline type="rss" title="CrowdStrike – Threat Research" text="Crowdstrike (Threat Research)" xmlUrl="https://www.crowdstrike.com/blog/category/threat-intel-research/" htmlUrl="https://www.crowdstrike.com/blog/category/threat-intel-research/"/>
      <outline type="rss" title="Digital Shadows" text="Digital Shadows" xmlUrl="https://www.digitalshadows.com/blog-and-research/feed/" htmlUrl="https://www.digitalshadows.com/blog-and-research/feed/"/>
      <outline type="rss" title="EclecticIQ Blog" text="EclecticIQ" xmlUrl="https://blog.eclecticiq.com/rss.xml" htmlUrl="https://blog.eclecticiq.com/rss.xml"/>
      <outline type="rss" title="ESET – We Live Security (Vendor)" text="We Live Security (ESET)" xmlUrl="http://eset.com/int/rss.xml" htmlUrl="http://eset.com/int/rss.xml"/>
      <outline type="rss" title="FireEye Blog" text="FireEye" xmlUrl="http://www.fireeye.com/blog/feed" htmlUrl="http://www.fireeye.com/blog/feed"/>
      <outline type="rss" title="Fox-IT International Blog" text="Fox-IT International blog" xmlUrl="https://blog.fox-it.com/feed/" htmlUrl="https://blog.fox-it.com/feed/"/>
      <outline type="rss" title="Fortinet Threat Research (Vendor)" text="Fortinet (threat research)" xmlUrl="http://feeds.feedburner.com/fortinet/blog/threat-research" htmlUrl="http://feeds.feedburner.com/fortinet/blog/threat-research"/>
      <outline type="rss" title="Google Online Security Blog" text="Google Online Security" xmlUrl="https://googleonlinesecurity.blogspot.com/atom.xml" htmlUrl="https://googleonlinesecurity.blogspot.com/atom.xml"/>
      <outline type="rss" title="Google Project Zero" text="Google Project Zero" xmlUrl="https://googleprojectzero.blogspot.com/feeds/posts/default" htmlUrl="https://googleprojectzero.blogspot.com/feeds/posts/default"/>
      <outline type="rss" title="IBM Security Intelligence" text="IBM Security Intelligence" xmlUrl="https://securityintelligence.com/feed/" htmlUrl="https://securityintelligence.com/feed/"/>
      <outline type="rss" title="Malwarebytes Labs (Vendor)" text="Malwarebytes Labs (Vendors section)" xmlUrl="https://blog.malwarebytes.com/feed/" htmlUrl="https://blog.malwarebytes.com/feed/"/>
      <outline type="rss" title="McAfee Blogs" text="McAfee Labs" xmlUrl="https://www.mcafee.com/blogs/feed" htmlUrl="https://www.mcafee.com/blogs/feed"/>
      <outline type="rss" title="Microsoft Security Blog" text="Microsoft Security Blog" xmlUrl="https://www.microsoft.com/security/blog/feed/" htmlUrl="https://www.microsoft.com/security/blog/feed/"/>
      <outline type="rss" title="Microsoft Security Response Center" text="Microsoft Security Response Center" xmlUrl="https://msrc-blog.microsoft.com/feed/" htmlUrl="https://msrc-blog.microsoft.com/feed/"/>
      <outline type="rss" title="Proofpoint – Vendor" text="Proofpoint" xmlUrl="https://www.proofpoint.com/us/rss.xml" htmlUrl="https://www.proofpoint.com/us/rss.xml"/>
      <outline type="rss" title="Qualys Blog" text="Qualys Blog" xmlUrl="https://blog.qualys.com/feed" htmlUrl="https://blog.qualys.com/feed"/>
      <outline type="rss" title="Quarkslab Blog" text="Quarkslab blog" xmlUrl="https://blog.quarkslab.com/feeds/all.rss.xml" htmlUrl="https://blog.quarkslab.com/feeds/all.rss.xml"/>
      <outline type="rss" title="Quick Heal Blog" text="Quick Heal Antivirus" xmlUrl="https://blogs.quickheal.com/feed/" htmlUrl="https://blogs.quickheal.com/feed/"/>
      <outline type="rss" title="Recorded Future – Cyber TI" text="Recorded Future (Cyber Threat Intelligence)" xmlUrl="https://www.recordedfuture.com/category/cyber/feed/" htmlUrl="https://www.recordedfuture.com/category/cyber/feed/"/>
      <outline type="rss" title="Recorded Future – Threat Intel" text="Recorded Future (Threat Intelligence)" xmlUrl="https://www.recordedfuture.com/category/threat-intelligence/feed/" htmlUrl="https://www.recordedfuture.com/category/threat-intelligence/feed/"/>
      <outline type="rss" title="Recorded Future – Vulnerability Mgmt" text="Recorded Future (Vulnerability Management)" xmlUrl="https://www.recordedfuture.com/category/vulnerability-management/feed/" htmlUrl="https://www.recordedfuture.com/category/vulnerability-management/feed/"/>
      <outline type="rss" title="Recorded Future – Research: Vuln Mgmt" text="Recorded Future (Research)" xmlUrl="https://www.recordedfuture.com/category/research/vulnerability-management/feed/" htmlUrl="https://www.recordedfuture.com/category/research/vulnerability-management/feed/"/>
      <outline type="rss" title="Recorded Future – Geopolitical" text="Recorded Future (Geopolitical Intelligence)" xmlUrl="https://www.recordedfuture.com/category/geopolitical/feed/" htmlUrl="https://www.recordedfuture.com/category/geopolitical/feed/"/>
      <outline type="rss" title="RiskIQ – Vendor" text="RiskIQ (Vendors section)" xmlUrl="https://www.riskiq.com/feed/" htmlUrl="https://www.riskiq.com/feed/"/>
      <outline type="rss" title="SecureWorks – Research &amp; Intelligence" text="Dell SecureWorks (Research &amp; Intelligence)" xmlUrl="https://www.secureworks.com/rss?feed=blog&amp;category=research-intelligence" htmlUrl="https://www.secureworks.com/rss?feed=blog&amp;category=research-intelligence"/>
      <outline type="rss" title="SensePost Blog" text="SensePost (Orange)" xmlUrl="https://sensepost.com/rss.xml" htmlUrl="https://sensepost.com/rss.xml"/>
      <outline type="rss" title="SentinelOne Labs" text="SentinelOne Labs" xmlUrl="https://www.sentinelone.com/labs/feed/" htmlUrl="https://www.sentinelone.com/labs/feed/"/>
      <outline type="rss" title="SOC Prime Blog" text="SOC Prime" xmlUrl="https://socprime.com/blog/feed/" htmlUrl="https://socprime.com/blog/feed/"/>
      <outline type="rss" title="Signals Corps Blog" text="Signals Corps" xmlUrl="https://www.signalscorps.com/feed.xml" htmlUrl="https://www.signalscorps.com/feed.xml"/>
      <outline type="rss" title="SpecterOps Blog" text="SpecterOps" xmlUrl="https://posts.specterops.io/feed" htmlUrl="https://posts.specterops.io/feed"/>
      <outline type="rss" title="Trend Micro Simply Security" text="Trend Micro" xmlUrl="http://feeds.trendmicro.com/TrendMicroSimplySecurity" htmlUrl="http://feeds.trendmicro.com/TrendMicroSimplySecurity"/>
      <outline type="rss" title="Tripwire – State of Security" text="Tripwire" xmlUrl="https://www.tripwire.com/state-of-security/feed/" htmlUrl="https://www.tripwire.com/state-of-security/feed/"/>
      <outline type="rss" title="TrustArc Blog" text="TrustArc" xmlUrl="https://www.trustarc.com/blog/feed/" htmlUrl="https://www.trustarc.com/blog/feed/"/>
      <outline type="rss" title="Palo Alto Networks Blog" text="PaloAlto Networks Blog" xmlUrl="https://www.paloaltonetworks.com/blog/rss" htmlUrl="https://www.paloaltonetworks.com/blog/rss"/>
      <outline type="rss" title="Palo Alto Networks Unit 42" text="PaloAlto Networks Unit 42" xmlUrl="http://researchcenter.paloaltonetworks.com/unit42/feed/" htmlUrl="http://researchcenter.paloaltonetworks.com/unit42/feed/"/>
      <outline type="rss" title="PhishLabs Blog" text="PhishLabs" xmlUrl="http://blog.phishlabs.com/rss.xml" htmlUrl="http://blog.phishlabs.com/rss.xml"/>
      <outline type="rss" title="UpGuard – News" text="UpGuard Blog (news)" xmlUrl="https://www.upguard.com/news/rss.xml" htmlUrl="https://www.upguard.com/news/rss.xml"/>
      <outline type="rss" title="UpGuard – Breaches" text="UpGuard Blog (breaches)" xmlUrl="https://www.upguard.com/breaches/rss.xml" htmlUrl="https://www.upguard.com/breaches/rss.xml"/>
      <outline type="rss" title="Veracode Security Blog" text="Veracode Security Blog" xmlUrl="http://www.veracode.com/blog/feed/" htmlUrl="http://www.veracode.com/blog/feed/"/>
      <outline type="rss" title="Virus Bulletin – Vendor RSS" text="Virus Bulletin" xmlUrl="https://www.virusbulletin.com/rss" htmlUrl="https://www.virusbulletin.com/rss"/>
      <outline type="rss" title="Webroot Threat Blog" text="Webroot Threat Blog" xmlUrl="https://www.webroot.com/blog/feed/" htmlUrl="https://www.webroot.com/blog/feed/"/>
    </outline>

    <outline title="Vulnerabilities, CVEs &amp; Exploits" text="Vulnerabilities, CVEs &amp; Exploits">
      <outline title="Exploits &amp; PoCs" text="Exploits &amp; PoCs">
        <outline type="rss" title="CXSecurity – Exploits" text="CXSecurity: World Laboratory of Bugtraq 2" xmlUrl="https://cxsecurity.com/wlb/rss/exploit/" htmlUrl="https://cxsecurity.com/wlb/rss/exploit/"/>
        <outline type="rss" title="CXSecurity – Dorks DB" text="Dorks DB by CXSecurity WLB2 Bugtraq" xmlUrl="https://cxsecurity.com/wlb/rss/dorks/" htmlUrl="https://cxsecurity.com/wlb/rss/dorks/"/>
        <outline type="rss" title="Exploit Collector" text="Exploit Collector" xmlUrl="https://exploit.kitploit.com/feeds/posts/default?alt=rss" htmlUrl="http://exploit.kitploit.com/"/>
        <outline type="rss" title="Exploit-DB – GHDB" text="Exploit-DB.com's Google Hacking Database RSS Feed" xmlUrl="https://www.exploit-db.com/rss___ghdb.xml" htmlUrl="https://www.exploit-db.com/google-hacking-database/"/>
        <outline type="rss" title="Exploit-DB – Main RSS" text="Exploit-DB.com RSS Feed" xmlUrl="https://www.exploit-db.com/rss.xml" htmlUrl="https://www.exploit-db.com"/>
        <outline type="rss" title="Sploitus – Exploits" text="Sploitus.com Exploits RSS Feed" xmlUrl="https://sploitus.com/rss" htmlUrl="https://sploitus.com/rss"/>
        <outline type="rss" title="0dayfans" text="0dayfans" xmlUrl="https://0dayfans.com/feed.rss" htmlUrl="https://0dayfans.com"/>
      </outline>
      <outline title="Vulnerability Advisories &amp; Research" text="Vulnerability Advisories &amp; Research">
        <outline type="rss" title="Bug Alert" text="Bug Alert" xmlUrl="https://bugalert.org/feeds/all.atom.xml" htmlUrl="https://bugalert.org/"/>
        <outline type="rss" title="Vulnerability Lab" text="Vulnerability Lab (Index)" xmlUrl="https://www.vulnerability-lab.com/rss/rss.php" htmlUrl="https://www.vulnerability-lab.com/"/>
        <outline type="rss" title="Vulmon Research" text="Vulmon Research Main Post Feed" xmlUrl="https://research.vulmon.com/feed" htmlUrl="https://research.vulmon.com/feed"/>
        <outline type="rss" title="Zero Day Initiative Blog" text="Zero Day Initiative - Blog" xmlUrl="https://www.thezdi.com/blog?format=rss" htmlUrl="https://www.thezdi.com/blog/"/>
        <outline type="rss" title="VMware Security Advisory" text="VMware Security Advisory" xmlUrl="https://www.vmware.com/security/advisories.xml" htmlUrl="https://www.vmware.com"/>
      </outline>
    </outline>
  </body>
</opml>